[
  {
    "id": 1,
    "title": "Is prime?",
    "description": "Determine whether the number is a prime number or not.",
    "url": "/is-prime"
  },
  {
    "id": 2,
    "title": "What color?",
    "description": "Determine the name of the color.",
    "url": "/what-color"
  },
  {
    "id": 3,
    "title": "App Ideas",
    "description": "App ideas implementation",
    "url": "/app-ideas"
  },
  {
    "id": 4,
    "title": "Fact or bluff",
    "description": "Determine whether the statement is a fact or a bluff.",
    "url": "/fact-or-bluff"
  },
  {
    "id": 99,
    "title": "Lorem Ipsum",
    "description": "Lorem ipsum dolor sit amet, consectetur adipiscing elit. Etiam scelerisque, odio sed convallis porta, sem neque aliquet felis, in mollis leo quam in dui. Nam ac tellus in felis laoreet luctus non ac sem. Morbi non consequat nisl, ut posuere purus. Vestibulum porta sed felis vitae iaculis. In in diam tempus, semper massa sit amet, placerat mauris. Pellentesque in dui nec enim dapibus lobortis. Suspendisse sit amet neque id magna consectetur porttitor eu eu justo. Aliquam laoreet felis non ipsum convallis, ut lacinia orci gravida. Integer et enim nibh. Duis nec lacinia neque. Nunc at diam elit. Nunc vestibulum, tellus sit amet efficitur blandit, nulla urna condimentum odio, et lobortis mauris lacus sit amet felis. Sed luctus justo eu euismod semper.",
    "url": "/"
  }
]
