[
  {
    "id": 1,
    "statement": "The Philippines are an island nation in Southeast Asia, located approximately 500 miles (800km) off the coast of Vietnam in the Pacific Ocean.",
    "isFact": true
  },
  {
    "id": 2,
    "statement": "The Philippine archipelago is made up of 5,641 islands.",
    "answer": "7,641 islands",
    "isFact": false
  },
  {
    "id": 3,
    "statement": "Despite being made up of over 7,000 islands, the majority of the population lives on just 11 of them.",
    "isFact": true
  },
  {
    "id": 4,
    "statement": "Archaeological evidence suggests the Philippines has been inhabited for over 900,000 years.",
    "answer": "700,000 years",
    "isFact": false
  },
  {
    "id": 5,
    "statement": "When the flag is inverted or flown upside down, it signals the nation is in a state of war.",
    "isFact": true
  },
  {
    "id": 6,
    "statement": "The UNESCO-listed Rice Terraces of the Philippine Cordilleras are one of the most famous sights in the country. The contoured rice terraces have existed for over 2,000 years.",
    "isFact": true
  },
  {
    "id": 7,
    "statement": "The Philippines are home to the world’s longest snake. The reticulated python typically weighs 75kg (165lb) and can grow longer than 7m (23ft) and is known to attack humans.",
    "isFact": true
  },
  {
    "id": 8,
    "statement": "The Japan set the world record for simultaneous breastfeeding when almost 4,000 mothers fed their babies at the same time. The event was organised to highlight the nutritional benefits of breastfeeding.",
    "answer": "Philippines",
    "isFact": false
  },
  {
    "id": 9,
    "statement": "The Philippines saw the largest ever papal event when, in 2015, as many as seven million people flocked to see Pope Francis deliver an open-air Mass in Manila.",
    "isFact": true
  },
  {
    "id": 10,
    "statement": "In 2014, Makati City in Manila was named the Selfie Capital of the World with 258 selfie-takers per 100,000 people – more than second-placed Manhattan in New York.",
    "isFact": true
  }
]
